Age,Male_Median_P50,Male_P95,Male_Mu_GAMLSS,Male_Sigma_GAMLSS,Female_Median_P50,Female_P95,Female_Mu_GAMLSS,Female_Sigma_GAMLSS
18.0,4.6,14.6,1.5261,0.7022,6.9,30.2,1.9315,0.8975
18.25,4.6,14.6,1.5261,0.7022,6.9,30.2,1.9315,0.8975
18.5,4.6,14.6,1.5261,0.7022,6.9,30.2,1.9315,0.8975
18.75,4.6,14.6,1.5261,0.7022,6.9,30.2,1.9315,0.8975
19.0,4.6,14.6,1.5261,0.7022,6.9,30.2,1.9315,0.8975
19.25,4.6,14.6,1.5261,0.7022,6.9,30.2,1.9315,0.8975
19.5,4.6,14.6,1.5261,0.7022,6.9,30.2,1.9315,0.8975
19.75,4.6,14.6,1.5261,0.7022,6.9,30.2,1.9315,0.8975
20.0,4.6,14.6,1.5261,0.7022,6.9,30.2,1.9315,0.8975
20.25,4.599,14.595,1.5259,0.7021,6.898,30.176,1.9312,0.8973
20.5,4.597,14.582,1.5254,0.7018,6.891,30.106,1.9303,0.8964
20.75,4.594,14.56,1.5247,0.7013,6.881,29.992,1.9287,0.895
21.0,4.589,14.53,1.5236,0.7007,6.866,29.836,1.9266,0.8931
21.25,4.583,14.493,1.5223,0.7,6.848,29.641,1.924,0.8907
21.5,4.576,14.448,1.5208,0.699,6.827,29.41,1.9209,0.8879
21.75,4.568,14.397,1.519,0.698,6.803,29.145,1.9173,0.8846
22.0,4.558,14.34,1.517,0.6968,6.775,28.848,1.9133,0.8808
22.25,4.548,14.277,1.5148,0.6954,6.745,28.522,1.9088,0.8766
22.5,4.538,14.209,1.5124,0.694,6.712,28.169,1.904,0.872
22.75,4.526,14.137,1.5098,0.6924,6.678,27.791,1.8988,0.8669
23.0,4.514,14.06,1.5071,0.6908,6.641,27.392,1.8932,0.8615
23.25,4.501,13.979,1.5042,0.689,6.602,26.973,1.8874,0.8557
23.5,4.487,13.896,1.5013,0.6872,6.562,26.537,1.8813,0.8495
23.75,4.473,13.809,1.4982,0.6853,6.52,26.087,1.8749,0.8429
24.0,4.459,13.72,1.495,0.6833,6.478,25.624,1.8684,0.836
24.25,4.445,13.629,1.4917,0.6812,6.434,25.152,1.8616,0.8288
24.5,4.43,13.537,1.4884,0.6791,6.39,24.672,1.8547,0.8213
24.75,4.415,13.444,1.485,0.677,6.345,24.187,1.8477,0.8135
25.0,4.4,13.35,1.4816,0.6748,6.3,23.7,1.8405,0.8055
25.25,4.385,13.256,1.4782,0.6726,6.255,23.213,1.8334,0.7972
25.5,4.37,13.163,1.4748,0.6704,6.21,22.728,1.8262,0.7888
25.75,4.355,13.071,1.4714,0.6681,6.166,22.248,1.8191,0.7801
26.0,4.341,12.98,1.4681,0.6659,6.122,21.776,1.812,0.7714
26.25,4.327,12.891,1.4648,0.6637,6.08,21.313,1.805,0.7626
26.5,4.313,12.804,1.4616,0.6616,6.038,20.863,1.7981,0.7538
26.75,4.299,12.721,1.4584,0.6595,5.998,20.427,1.7914,0.745
27.0,4.286,12.64,1.4554,0.6575,5.959,20.008,1.7849,0.7364
27.25,4.274,12.563,1.4526,0.6555,5.922,19.609,1.7787,0.7279
27.5,4.262,12.491,1.4499,0.6536,5.888,19.231,1.7728,0.7196
27.75,4.252,12.423,1.4473,0.6519,5.855,18.878,1.7673,0.7118
28.0,4.242,12.36,1.4449,0.6502,5.825,18.552,1.7621,0.7043
28.25,4.232,12.303,1.4428,0.6487,5.797,18.255,1.7574,0.6973
28.5,4.224,12.252,1.4409,0.6474,5.773,17.99,1.7532,0.691
28.75,4.217,12.207,1.4392,0.6462,5.752,17.759,1.7495,0.6854
29.0,4.211,12.17,1.4377,0.6452,5.734,17.564,1.7463,0.6806
29.25,4.206,12.14,1.4366,0.6444,5.719,17.408,1.7438,0.6767
29.5,4.203,12.118,1.4358,0.6438,5.709,17.294,1.742,0.6738
29.75,4.201,12.105,1.4353,0.6434,5.702,17.224,1.7409,0.6721
30.0,4.2,12.1,1.4351,0.6432,5.7,17.2,1.7405,0.6714
30.25,4.205,12.116,1.4362,0.6434,5.705,17.227,1.7414,0.6718
30.5,4.21,12.134,1.4375,0.6434,5.712,17.259,1.7426,0.6721
30.75,4.217,12.153,1.4391,0.6435,5.72,17.292,1.744,0.6725
31.0,4.224,12.173,1.4407,0.6435,5.728,17.326,1.7454,0.6728
31.25,4.231,12.193,1.4425,0.6434,5.737,17.361,1.7469,0.6731
31.5,4.239,12.214,1.4443,0.6434,5.746,17.396,1.7485,0.6734
31.75,4.247,12.235,1.4461,0.6433,5.755,17.433,1.7502,0.6737
32.0,4.255,12.257,1.448,0.6432,5.765,17.47,1.7518,0.6739
32.25,4.263,12.278,1.45,0.6431,5.775,17.507,1.7535,0.6742
32.5,4.271,12.3,1.4519,0.643,5.785,17.545,1.7553,0.6744
32.75,4.28,12.322,1.454,0.6428,5.795,17.583,1.7571,0.6747
33.0,4.289,12.345,1.456,0.6427,5.806,17.621,1.7589,0.6749
33.25,4.298,12.367,1.4581,0.6425,5.817,17.66,1.7607,0.6751
33.5,4.307,12.39,1.4602,0.6423,5.827,17.699,1.7626,0.6753
33.75,4.316,12.413,1.4624,0.6422,5.838,17.738,1.7645,0.6755
34.0,4.326,12.436,1.4645,0.642,5.85,17.778,1.7664,0.6757
34.25,4.335,12.459,1.4667,0.6418,5.861,17.818,1.7683,0.6759
34.5,4.345,12.482,1.4689,0.6416,5.872,17.858,1.7703,0.6761
34.75,4.354,12.505,1.4712,0.6413,5.884,17.898,1.7722,0.6763
35.0,4.364,12.529,1.4734,0.6411,5.896,17.939,1.7742,0.6764
35.25,4.374,12.553,1.4757,0.6409,5.907,17.979,1.7762,0.6766
35.5,4.384,12.576,1.4779,0.6407,5.919,18.02,1.7782,0.6768
35.75,4.394,12.6,1.4802,0.6404,5.931,18.061,1.7802,0.6769
36.0,4.404,12.624,1.4826,0.6402,5.943,18.103,1.7823,0.6771
36.25,4.414,12.648,1.4849,0.6399,5.956,18.144,1.7843,0.6772
36.5,4.425,12.672,1.4872,0.6396,5.968,18.186,1.7864,0.6773
36.75,4.435,12.697,1.4896,0.6394,5.98,18.228,1.7885,0.6775
37.0,4.446,12.721,1.4919,0.6391,5.993,18.27,1.7906,0.6776
37.25,4.456,12.746,1.4943,0.6388,6.005,18.312,1.7927,0.6777
37.5,4.467,12.77,1.4967,0.6386,6.018,18.354,1.7948,0.6778
37.75,4.478,12.795,1.4991,0.6383,6.031,18.396,1.7969,0.678
38.0,4.488,12.819,1.5015,0.638,6.044,18.439,1.799,0.6781
38.25,4.499,12.844,1.5039,0.6377,6.057,18.481,1.8012,0.6782
38.5,4.51,12.869,1.5063,0.6374,6.07,18.524,1.8033,0.6783
38.75,4.521,12.894,1.5088,0.6371,6.083,18.567,1.8055,0.6784
39.0,4.532,12.919,1.5112,0.6368,6.096,18.61,1.8076,0.6785
39.25,4.543,12.944,1.5136,0.6365,6.109,18.653,1.8098,0.6786
39.5,4.554,12.969,1.5161,0.6362,6.123,18.697,1.812,0.6786
39.75,4.566,12.994,1.5186,0.6358,6.136,18.74,1.8142,0.6787
40.0,4.577,13.019,1.521,0.6355,6.149,18.783,1.8163,0.6788
40.25,4.588,13.045,1.5235,0.6352,6.163,18.827,1.8185,0.6789
40.5,4.6,13.07,1.526,0.6349,6.176,18.871,1.8207,0.6789
40.75,4.611,13.096,1.5285,0.6345,6.19,18.915,1.823,0.679
41.0,4.623,13.121,1.5309,0.6342,6.204,18.959,1.8252,0.6791
41.25,4.634,13.147,1.5334,0.6339,6.218,19.003,1.8274,0.6791
41.5,4.646,13.172,1.5359,0.6335,6.231,19.047,1.8296,0.6792
41.75,4.657,13.198,1.5384,0.6332,6.245,19.091,1.8318,0.6793
42.0,4.669,13.224,1.541,0.6329,6.259,19.135,1.8341,0.6793
42.25,4.681,13.249,1.5435,0.6325,6.273,19.18,1.8363,0.6794
42.5,4.693,13.275,1.546,0.6322,6.287,19.224,1.8385,0.6794
42.75,4.704,13.301,1.5485,0.6318,6.301,19.269,1.8408,0.6794
43.0,4.716,13.327,1.551,0.6315,6.316,19.313,1.843,0.6795
43.25,4.728,13.353,1.5536,0.6311,6.33,19.358,1.8453,0.6795
43.5,4.74,13.379,1.5561,0.6308,6.344,19.403,1.8475,0.6796
43.75,4.752,13.405,1.5586,0.6304,6.359,19.448,1.8498,0.6796
44.0,4.764,13.431,1.5612,0.63,6.373,19.493,1.8521,0.6796
44.25,4.776,13.457,1.5637,0.6297,6.387,19.538,1.8543,0.6797
44.5,4.789,13.484,1.5662,0.6293,6.402,19.583,1.8566,0.6797
44.75,4.801,13.51,1.5688,0.629,6.416,19.628,1.8589,0.6797
45.0,4.813,13.536,1.5713,0.6286,6.431,19.674,1.8611,0.6797
45.25,4.825,13.563,1.5739,0.6282,6.446,19.719,1.8634,0.6797
45.5,4.838,13.589,1.5764,0.6279,6.46,19.764,1.8657,0.6798
45.75,4.85,13.615,1.579,0.6275,6.475,19.81,1.868,0.6798
46.0,4.862,13.642,1.5815,0.6271,6.49,19.856,1.8702,0.6798
46.25,4.875,13.668,1.5841,0.6267,6.505,19.901,1.8725,0.6798
46.5,4.887,13.695,1.5867,0.6264,6.52,19.947,1.8748,0.6798
46.75,4.9,13.722,1.5892,0.626,6.534,19.993,1.8771,0.6798
47.0,4.912,13.748,1.5918,0.6256,6.549,20.039,1.8794,0.6798
47.25,4.925,13.775,1.5943,0.6252,6.564,20.085,1.8817,0.6798
47.5,4.938,13.802,1.5969,0.6249,6.58,20.131,1.884,0.6798
47.75,4.95,13.828,1.5995,0.6245,6.595,20.177,1.8863,0.6798
48.0,4.963,13.855,1.602,0.6241,6.61,20.223,1.8885,0.6798
48.25,4.976,13.882,1.6046,0.6237,6.625,20.269,1.8908,0.6798
48.5,4.989,13.909,1.6071,0.6233,6.64,20.315,1.8931,0.6798
48.75,5.001,13.936,1.6097,0.623,6.655,20.362,1.8954,0.6798
49.0,5.014,13.963,1.6123,0.6226,6.671,20.408,1.8977,0.6798
49.25,5.027,13.99,1.6148,0.6222,6.686,20.455,1.9,0.6797
49.5,5.04,14.017,1.6174,0.6218,6.701,20.501,1.9023,0.6797
49.75,5.053,14.044,1.62,0.6214,6.717,20.548,1.9046,0.6797
50.0,5.066,14.071,1.6225,0.621,6.732,20.594,1.9069,0.6797
50.25,5.079,14.098,1.6251,0.6206,6.748,20.641,1.9092,0.6797
50.5,5.092,14.125,1.6277,0.6202,6.763,20.688,1.9115,0.6796
50.75,5.105,14.152,1.6302,0.6199,6.779,20.735,1.9138,0.6796
51.0,5.118,14.18,1.6328,0.6195,6.795,20.781,1.9161,0.6796
51.25,5.131,14.207,1.6353,0.6191,6.81,20.828,1.9184,0.6796
51.5,5.144,14.234,1.6379,0.6187,6.826,20.875,1.9207,0.6795
51.75,5.158,14.261,1.6405,0.6183,6.842,20.922,1.923,0.6795
52.0,5.171,14.289,1.643,0.6179,6.857,20.969,1.9253,0.6795
52.25,5.184,14.316,1.6456,0.6175,6.873,21.017,1.9276,0.6794
52.5,5.197,14.344,1.6481,0.6171,6.889,21.064,1.9299,0.6794
52.75,5.211,14.371,1.6507,0.6167,6.905,21.111,1.9322,0.6794
53.0,5.224,14.398,1.6533,0.6163,6.921,21.158,1.9345,0.6793
53.25,5.237,14.426,1.6558,0.6159,6.937,21.206,1.9368,0.6793
53.5,5.251,14.453,1.6584,0.6155,6.953,21.253,1.9391,0.6792
53.75,5.264,14.481,1.6609,0.6151,6.969,21.301,1.9414,0.6792
54.0,5.278,14.509,1.6635,0.6148,6.985,21.348,1.9437,0.6792
54.25,5.291,14.536,1.666,0.6144,7.001,21.396,1.946,0.6791
54.5,5.305,14.564,1.6686,0.614,7.017,21.443,1.9483,0.6791
54.75,5.318,14.591,1.6711,0.6136,7.033,21.491,1.9506,0.679
55.0,5.332,14.619,1.6737,0.6132,7.049,21.539,1.9529,0.679
55.25,5.345,14.647,1.6762,0.6128,7.066,21.586,1.9552,0.6789
55.5,5.359,14.675,1.6788,0.6124,7.082,21.634,1.9575,0.6789
55.75,5.373,14.702,1.6813,0.612,7.098,21.682,1.9598,0.6788
56.0,5.386,14.73,1.6838,0.6116,7.114,21.73,1.9621,0.6788
56.25,5.4,14.758,1.6864,0.6112,7.131,21.778,1.9644,0.6787
56.5,5.414,14.786,1.6889,0.6108,7.147,21.826,1.9667,0.6787
56.75,5.427,14.814,1.6915,0.6104,7.163,21.874,1.969,0.6786
57.0,5.441,14.842,1.694,0.61,7.18,21.922,1.9713,0.6785
57.25,5.455,14.87,1.6965,0.6096,7.196,21.97,1.9736,0.6785
57.5,5.469,14.898,1.6991,0.6092,7.213,22.018,1.9759,0.6784
57.75,5.483,14.926,1.7016,0.6088,7.229,22.066,1.9782,0.6784
58.0,5.497,14.954,1.7041,0.6084,7.246,22.115,1.9804,0.6783
58.25,5.51,14.982,1.7067,0.608,7.262,22.163,1.9827,0.6782
58.5,5.524,15.01,1.7092,0.6076,7.279,22.211,1.985,0.6782
58.75,5.538,15.038,1.7117,0.6072,7.296,22.26,1.9873,0.6781
59.0,5.552,15.066,1.7142,0.6068,7.312,22.308,1.9896,0.678
59.25,5.566,15.094,1.7167,0.6064,7.329,22.356,1.9919,0.678
59.5,5.58,15.122,1.7193,0.606,7.346,22.405,1.9941,0.6779
59.75,5.594,15.15,1.7218,0.6056,7.363,22.454,1.9964,0.6778
60.0,5.608,15.179,1.7243,0.6052,7.379,22.502,1.9987,0.6778
60.25,5.623,15.207,1.7268,0.6048,7.396,22.551,2.001,0.6777
60.5,5.637,15.235,1.7293,0.6044,7.413,22.599,2.0032,0.6776
60.75,5.651,15.263,1.7318,0.604,7.43,22.648,2.0055,0.6775
61.0,5.665,15.292,1.7343,0.6036,7.447,22.697,2.0078,0.6775
61.25,5.679,15.32,1.7368,0.6033,7.464,22.746,2.01,0.6774
61.5,5.693,15.348,1.7393,0.6029,7.481,22.794,2.0123,0.6773
61.75,5.708,15.377,1.7418,0.6025,7.498,22.843,2.0146,0.6773
62.0,5.722,15.405,1.7443,0.6021,7.515,22.892,2.0168,0.6772
62.25,5.736,15.434,1.7468,0.6017,7.532,22.941,2.0191,0.6771
62.5,5.75,15.462,1.7493,0.6013,7.549,22.99,2.0214,0.677
62.75,5.765,15.49,1.7518,0.6009,7.566,23.039,2.0236,0.6769
63.0,5.779,15.519,1.7543,0.6005,7.583,23.088,2.0259,0.6769
63.25,5.794,15.547,1.7567,0.6001,7.6,23.137,2.0281,0.6768
63.5,5.808,15.576,1.7592,0.5997,7.617,23.186,2.0304,0.6767
63.75,5.822,15.605,1.7617,0.5993,7.634,23.236,2.0327,0.6766
64.0,5.837,15.633,1.7642,0.5989,7.652,23.285,2.0349,0.6765
64.25,5.851,15.662,1.7666,0.5985,7.669,23.334,2.0372,0.6764
64.5,5.866,15.69,1.7691,0.5981,7.686,23.383,2.0394,0.6764
64.75,5.88,15.719,1.7716,0.5977,7.703,23.433,2.0416,0.6763
65.0,5.895,15.748,1.7741,0.5973,7.721,23.482,2.0439,0.6762
65.25,5.909,15.776,1.7765,0.597,7.738,23.531,2.0461,0.6761
65.5,5.924,15.805,1.779,0.5966,7.755,23.581,2.0484,0.676
65.75,5.938,15.834,1.7814,0.5962,7.773,23.63,2.0506,0.6759
66.0,5.953,15.862,1.7839,0.5958,7.79,23.68,2.0528,0.6758
66.25,5.968,15.891,1.7863,0.5954,7.807,23.729,2.0551,0.6758
66.5,5.982,15.92,1.7888,0.595,7.825,23.779,2.0573,0.6757
66.75,5.997,15.949,1.7912,0.5946,7.842,23.828,2.0595,0.6756
67.0,6.012,15.977,1.7937,0.5942,7.86,23.878,2.0618,0.6755
67.25,6.026,16.006,1.7961,0.5938,7.877,23.928,2.064,0.6754
67.5,6.041,16.035,1.7986,0.5934,7.895,23.977,2.0662,0.6753
67.75,6.056,16.064,1.801,0.5931,7.913,24.027,2.0685,0.6752
68.0,6.07,16.093,1.8034,0.5927,7.93,24.077,2.0707,0.6751
68.25,6.085,16.122,1.8059,0.5923,7.948,24.126,2.0729,0.675
68.5,6.1,16.151,1.8083,0.5919,7.965,24.176,2.0751,0.6749
68.75,6.115,16.18,1.8107,0.5915,7.983,24.226,2.0773,0.6748
69.0,6.13,16.209,1.8131,0.5911,8.001,24.276,2.0795,0.6747
69.25,6.145,16.238,1.8156,0.5907,8.018,24.326,2.0818,0.6746
69.5,6.159,16.267,1.818,0.5904,8.036,24.376,2.084,0.6745
69.75,6.174,16.296,1.8204,0.59,8.054,24.426,2.0862,0.6745
70.0,6.189,16.325,1.8228,0.5896,8.072,24.476,2.0884,0.6744
70.25,6.204,16.354,1.8252,0.5892,8.09,24.526,2.0906,0.6743
70.5,6.219,16.383,1.8276,0.5888,8.107,24.576,2.0928,0.6742
70.75,6.234,16.412,1.83,0.5884,8.125,24.626,2.095,0.6741
71.0,6.249,16.441,1.8324,0.5881,8.143,24.676,2.0972,0.674
71.25,6.264,16.47,1.8348,0.5877,8.161,24.726,2.0994,0.6739
71.5,6.279,16.499,1.8372,0.5873,8.179,24.777,2.1016,0.6738
71.75,6.294,16.528,1.8396,0.5869,8.197,24.827,2.1037,0.6737
72.0,6.309,16.558,1.842,0.5865,8.215,24.877,2.1059,0.6736
72.25,6.324,16.587,1.8444,0.5862,8.233,24.927,2.1081,0.6735
72.5,6.339,16.616,1.8468,0.5858,8.251,24.978,2.1103,0.6734
72.75,6.354,16.645,1.8492,0.5854,8.269,25.028,2.1125,0.6733
73.0,6.37,16.674,1.8515,0.585,8.287,25.078,2.1147,0.6732
73.25,6.385,16.704,1.8539,0.5846,8.305,25.129,2.1168,0.6731
73.5,6.4,16.733,1.8563,0.5843,8.323,25.179,2.119,0.6729
73.75,6.415,16.762,1.8586,0.5839,8.341,25.23,2.1212,0.6728
74.0,6.43,16.792,1.861,0.5835,8.359,25.28,2.1234,0.6727
74.25,6.445,16.821,1.8634,0.5831,8.377,25.331,2.1255,0.6726
74.5,6.461,16.85,1.8657,0.5828,8.395,25.381,2.1277,0.6725
74.75,6.476,16.88,1.8681,0.5824,8.414,25.432,2.1299,0.6724
75.0,6.491,16.909,1.8704,0.582,8.432,25.482,2.132,0.6723
75.25,6.506,16.938,1.8728,0.5816,8.45,25.533,2.1342,0.6722
75.5,6.522,16.968,1.8751,0.5813,8.468,25.584,2.1363,0.6721
75.75,6.537,16.997,1.8775,0.5809,8.487,25.634,2.1385,0.672
76.0,6.552,17.027,1.8798,0.5805,8.505,25.685,2.1406,0.6719
76.25,6.568,17.056,1.8822,0.5801,8.523,25.736,2.1428,0.6718
76.5,6.583,17.086,1.8845,0.5798,8.541,25.786,2.1449,0.6717
76.75,6.599,17.115,1.8868,0.5794,8.56,25.837,2.1471,0.6716
77.0,6.614,17.145,1.8892,0.579,8.578,25.888,2.1492,0.6715
77.25,6.629,17.174,1.8915,0.5787,8.597,25.939,2.1514,0.6714
77.5,6.645,17.204,1.8938,0.5783,8.615,25.99,2.1535,0.6712
77.75,6.66,17.233,1.8962,0.5779,8.633,26.041,2.1556,0.6711
78.0,6.676,17.263,1.8985,0.5776,8.652,26.092,2.1578,0.671
78.25,6.691,17.292,1.9008,0.5772,8.67,26.143,2.1599,0.6709
78.5,6.707,17.322,1.9031,0.5768,8.689,26.194,2.162,0.6708
78.75,6.722,17.352,1.9054,0.5765,8.707,26.245,2.1642,0.6707
79.0,6.738,17.381,1.9077,0.5761,8.726,26.296,2.1663,0.6706
79.25,6.753,17.411,1.91,0.5757,8.744,26.347,2.1684,0.6705
79.5,6.769,17.441,1.9123,0.5754,8.763,26.398,2.1705,0.6704
79.75,6.784,17.47,1.9146,0.575,8.781,26.449,2.1726,0.6703
80.0,6.8,17.5,1.9169,0.5746,8.8,26.5,2.1748,0.6701
80.25,6.816,17.531,1.9193,0.5743,8.819,26.555,2.177,0.6701
80.5,6.832,17.561,1.9217,0.5739,8.838,26.607,2.1791,0.67
80.75,6.848,17.592,1.924,0.5736,8.857,26.659,2.1812,0.6699
81.0,6.864,17.622,1.9263,0.5732,8.876,26.711,2.1834,0.6698
81.25,6.88,17.652,1.9286,0.5728,8.895,26.764,2.1855,0.6697
81.5,6.896,17.682,1.931,0.5725,8.914,26.816,2.1876,0.6696
81.75,6.912,17.713,1.9333,0.5721,8.933,26.869,2.1898,0.6695
82.0,6.928,17.743,1.9356,0.5717,8.952,26.921,2.1919,0.6694
82.25,6.944,17.774,1.9379,0.5713,8.971,26.974,2.194,0.6693
82.5,6.961,17.804,1.9403,0.571,8.991,27.027,2.1962,0.6692
82.75,6.977,17.835,1.9426,0.5706,9.01,27.08,2.1983,0.669
83.0,6.993,17.866,1.9449,0.5702,9.029,27.133,2.2005,0.6689
83.25,7.009,17.896,1.9472,0.5699,9.048,27.186,2.2026,0.6688
83.5,7.026,17.927,1.9496,0.5695,9.068,27.24,2.2047,0.6687
83.75,7.042,17.958,1.9519,0.5691,9.087,27.293,2.2069,0.6686
84.0,7.058,17.989,1.9542,0.5688,9.107,27.346,2.209,0.6685
84.25,7.075,18.02,1.9565,0.5684,9.126,27.4,2.2111,0.6684
84.5,7.091,18.051,1.9589,0.568,9.146,27.454,2.2133,0.6683
84.75,7.108,18.082,1.9612,0.5677,9.165,27.508,2.2154,0.6682
85.0,7.124,18.113,1.9635,0.5673,9.185,27.562,2.2175,0.6681
85.25,7.141,18.144,1.9658,0.5669,9.204,27.616,2.2197,0.668
85.5,7.157,18.175,1.9682,0.5666,9.224,27.67,2.2218,0.6679
85.75,7.174,18.206,1.9705,0.5662,9.244,27.724,2.2239,0.6677
86.0,7.191,18.238,1.9728,0.5658,9.264,27.778,2.2261,0.6676
86.25,7.208,18.269,1.9751,0.5654,9.283,27.833,2.2282,0.6675
86.5,7.224,18.3,1.9775,0.5651,9.303,27.887,2.2304,0.6674
86.75,7.241,18.332,1.9798,0.5647,9.323,27.942,2.2325,0.6673
87.0,7.258,18.363,1.9821,0.5643,9.343,27.997,2.2346,0.6672
87.25,7.275,18.395,1.9844,0.564,9.363,28.052,2.2368,0.6671
87.5,7.292,18.427,1.9868,0.5636,9.383,28.107,2.2389,0.667
87.75,7.309,18.458,1.9891,0.5632,9.403,28.162,2.241,0.6669
88.0,7.326,18.49,1.9914,0.5629,9.423,28.217,2.2432,0.6668
88.25,7.343,18.522,1.9937,0.5625,9.443,28.272,2.2453,0.6667
88.5,7.36,18.554,1.9961,0.5621,9.464,28.328,2.2474,0.6666
88.75,7.377,18.586,1.9984,0.5618,9.484,28.383,2.2496,0.6665
89.0,7.394,18.618,2.0007,0.5614,9.504,28.439,2.2517,0.6663
89.25,7.411,18.65,2.003,0.561,9.524,28.495,2.2539,0.6662
89.5,7.429,18.682,2.0054,0.5607,9.545,28.551,2.256,0.6661
89.75,7.446,18.714,2.0077,0.5603,9.565,28.607,2.2581,0.666
90.0,7.463,18.746,2.01,0.5599,9.586,28.663,2.2603,0.6659
